Issuer,Card Name,Customer Segment,Product Tier,Card Type,Annual Fee,Purchase APR,Foreign TX Fee,Balance Transfer Offer,Balance Transfer Fee,Sign-up Bonus / Promo,Rewards Program,Rewards Earn Rate,Travel Insurance,Lounge Access,Other Perks,Logo Link,Interest-free days,Minimum spend for bonus,Points caps,Contactless & digital wallet support,"Fees (late, overlimit, additional cards)",Direct PDS links
Woolworths,Woolworths Business Elite Rewards,Business,Elite,Rewards,$252,23.65%,0%,—,Standard,100k Pts,Woolworths Rewards,1.13 pts/$,✔,✔,Accounting Integration,https://logo.placeholder.com/woolworths.png,Up to 55 days,$2290,Uncapped,"Apple, Google, Samsung Pay","$15-30 Late, $0 Overlimit",https://www.woolworths.com.au/business/pds
Weel,Weel Business Platinum Rewards,Business,Platinum,Rewards,$74,18.33%,3%,—,Standard,60k Pts,Weel Rewards,1.15 pts/$,✔,✘,Accounting Integration,https://logo.placeholder.com/weel.png,Up to 55 days,$5835,Capped at $5k/mo,"Apple, Google, Samsung Pay","$15-30 Late, $0 Overlimit",https://www.weel.com.au/business/pds
Volopay,Volopay Platinum Rewards,Personal,Platinum,Rewards,$76,19.52%,3%,—,Standard,20k Pts,Volopay Rewards,0.96 pts/$,✔,✘,Concierge Service,https://logo.placeholder.com/volopay.png,Up to 55 days,$1325,Capped at $5k/mo,"Apple, Google, Samsung Pay","$15-30 Late, $0 Overlimit",https://www.volopay.com.au/personal/pds
Virgin Money,Virgin Money Black Rewards,Personal,Black,Rewards,$362,20.21%,0%,—,Standard,80k Pts,Virgin Money Rewards,1.94 pts/$,✔,✔,Concierge Service,https://logo.placeholder.com/virgin money.png,Up to 55 days,$2710,Capped at $5k/mo,"Apple, Google, Samsung Pay","$15-30 Late, $0 Overlimit",https://www.virginmoney.com.au/personal/pds
Teachers Mutual,Teachers Mutual Signature Rewards,Sole Trader,Signature,Rewards,$659,21.65%,3%,—,Standard,150k Pts,Teachers Mutual Rewards,1.51 pts/$,✔,✔,Accounting Integration,https://logo.placeholder.com/teachers mutual.png,Up to 55 days,$5920,Capped at $5k/mo,"Apple, Google, Samsung Pay","$15-30 Late, $0 Overlimit",https://www.teachersmutual.com.au/personal/pds
Suncorp,Suncorp Elite Rewards,Sole Trader,Elite,Rewards,$579,23.21%,0%,—,Standard,100k Pts,Suncorp Rewards,0.90 pts/$,✔,✔,Accounting Integration,https://logo.placeholder.com/suncorp.png,Up to 55 days,$2339,Uncapped,"Apple, Google, Samsung Pay","$15-30 Late, $0 Overlimit",https://www.suncorp.com.au/personal/pds
St George,St George Business Signature Rewards,Business,Signature,Rewards,$325,20.35%,3%,—,Standard,150k Pts,St George Rewards,1.80 pts/$,✔,✔,Accounting Integration,https://logo.placeholder.com/st george.png,Up to 55 days,$1891,Capped at $5k/mo,"Apple, Google, Samsung Pay","$15-30 Late, $0 Overlimit",https://www.stgeorge.com.au/business/pds
Airwallex,Airwallex Business Black Frequent Flyer,Corporate,Black,Frequent Flyer,$392,21.16%,0%,—,Standard,80k Pts,Qantas/Velocity,1.06 pts/$,✔,✔,Concierge Service,https://logo.placeholder.com/airwallex.png,Up to 55 days,$3445,Capped at $5k/mo,"Apple, Google, Samsung Pay","$15-30 Late, $0 Overlimit",https://www.airwallex.com.au/business/pds
Amex,Amex Business Elite Frequent Flyer,Business,Elite,Frequent Flyer,$623,20.09%,0%,—,Standard,80k Pts,Qantas/Velocity,1.95 pts/$,✔,✔,Accounting Integration,https://logo.placeholder.com/amex.png,Up to 55 days,$3544,Uncapped,"Apple, Google, Samsung Pay","$15-30 Late, $0 Overlimit",https://www.amex.com.au/business/pds
CBA,CBA Business Elite Frequent Flyer,Corporate,Elite,Frequent Flyer,$546,20.98%,0%,—,Standard,80k Pts,Qantas/Velocity,0.56 pts/$,✔,✔,Concierge Service,https://logo.placeholder.com/cba.png,Up to 55 days,$3325,Uncapped,"Apple, Google, Samsung Pay","$15-30 Late, $0 Overlimit",https://www.cba.com.au/business/pds
Kogan,Kogan Elite Frequent Flyer,Sole Trader,Elite,Frequent Flyer,$639,22.29%,0%,—,Standard,80k Pts,Qantas/Velocity,2.14 pts/$,✔,✔,Accounting Integration,https://logo.placeholder.com/kogan.png,Up to 55 days,$5133,Uncapped,"Apple, Google, Samsung Pay","$15-30 Late, $0 Overlimit",https://www.kogan.com.au/personal/pds
P&N Bank,P&N Bank Elite Frequent Flyer,Sole Trader,Elite,Frequent Flyer,$563,20.82%,0%,—,Standard,80k Pts,Qantas/Velocity,1.57 pts/$,✔,✔,Accounting Integration,https://logo.placeholder.com/p&n bank.png,Up to 55 days,$1594,Uncapped,"Apple, Google, Samsung Pay","$15-30 Late, $0 Overlimit",https://www.p&nbank.com.au/personal/pds
Suncorp,Suncorp Business Signature Frequent Flyer,Corporate,Signature,Frequent Flyer,$578,22.34%,3%,—,Standard,80k Pts,Qantas/Velocity,1.25 pts/$,✔,✔,Concierge Service,https://logo.placeholder.com/suncorp.png,Up to 55 days,$3402,Capped at $5k/mo,"Apple, Google, Samsung Pay","$15-30 Late, $0 Overlimit",https://www.suncorp.com.au/business/pds
DiviPay,DiviPay Signature Frequent Flyer,Sole Trader,Signature,Frequent Flyer,$622,23.96%,3%,—,Standard,80k Pts,Qantas/Velocity,0.83 pts/$,✔,✔,Accounting Integration,https://logo.placeholder.com/divipay.png,Up to 55 days,$1769,Capped at $5k/mo,"Apple, Google, Samsung Pay","$15-30 Late, $0 Overlimit",https://www.divipay.com.au/personal/pds
Great Southern Bank,Great Southern Bank Business Entry Frequent Flyer,Corporate,Entry,Frequent Flyer,$102,17.10%,3%,—,Standard,60k Pts,Qantas/Velocity,1.92 pts/$,✘,✘,Concierge Service,https://logo.placeholder.com/great southern bank.png,Up to 55 days,$5043,Capped at $5k/mo,"Apple, Google, Samsung Pay","$15-30 Late, $0 Overlimit",https://www.greatsouthernbank.com.au/business/pds
NAB,NAB Entry Frequent Flyer,Personal,Entry,Frequent Flyer,$68,15.69%,3%,—,Standard,60k Pts,Qantas/Velocity,2.07 pts/$,✘,✘,Concierge Service,https://logo.placeholder.com/nab.png,Up to 55 days,$2949,Capped at $5k/mo,"Apple, Google, Samsung Pay","$15-30 Late, $0 Overlimit",https://www.nab.com.au/personal/pds
Police Bank,Police Bank Business Platinum Frequent Flyer,Corporate,Platinum,Frequent Flyer,$76,15.21%,3%,—,Standard,60k Pts,Qantas/Velocity,0.97 pts/$,✔,✘,Concierge Service,https://logo.placeholder.com/police bank.png,Up to 55 days,$4231,Capped at $5k/mo,"Apple, Google, Samsung Pay","$15-30 Late, $0 Overlimit",https://www.policebank.com.au/business/pds
HSBC,HSBC Platinum Frequent Flyer,Personal,Platinum,Frequent Flyer,$69,18.42%,3%,—,Standard,60k Pts,Qantas/Velocity,1.34 pts/$,✔,✘,Concierge Service,https://logo.placeholder.com/hsbc.png,Up to 55 days,$3313,Capped at $5k/mo,"Apple, Google, Samsung Pay","$15-30 Late, $0 Overlimit",https://www.hsbc.com.au/personal/pds
Heritage Bank,Heritage Bank Platinum Frequent Flyer,Personal,Platinum,Frequent Flyer,$97,16.01%,3%,—,Standard,60k Pts,Qantas/Velocity,1.93 pts/$,✔,✘,Concierge Service,https://logo.placeholder.com/heritage bank.png,Up to 55 days,$4150,Capped at $5k/mo,"Apple, Google, Samsung Pay","$15-30 Late, $0 Overlimit",https://www.heritagebank.com.au/personal/pds
NAB,NAB Business Entry Frequent Flyer,Business,Entry,Frequent Flyer,$140,17.75%,3%,—,Standard,40k Pts,Qantas/Velocity,1.59 pts/$,✘,✘,Accounting Integration,https://logo.placeholder.com/nab.png,Up to 55 days,$2057,Capped at $5k/mo,"Apple, Google, Samsung Pay","$15-30 Late, $0 Overlimit",https://www.nab.com.au/business/pds
Bendigo Bank,Bendigo Bank Entry Frequent Flyer,Sole Trader,Entry,Frequent Flyer,$82,14.11%,3%,—,Standard,40k Pts,Qantas/Velocity,1.90 pts/$,✘,✘,Accounting Integration,https://logo.placeholder.com/bendigo bank.png,Up to 55 days,$2418,Capped at $5k/mo,"Apple, Google, Samsung Pay","$15-30 Late, $0 Overlimit",https://www.bendigobank.com.au/personal/pds
CBA,CBA Business Platinum Frequent Flyer,Business,Platinum,Frequent Flyer,$117,17.39%,3%,—,Standard,40k Pts,Qantas/Velocity,1.09 pts/$,✔,✘,Accounting Integration,https://logo.placeholder.com/cba.png,Up to 55 days,$5421,Capped at $5k/mo,"Apple, Google, Samsung Pay","$15-30 Late, $0 Overlimit",https://www.cba.com.au/business/pds
P&N Bank,P&N Bank Business Platinum Frequent Flyer,Corporate,Platinum,Frequent Flyer,$144,19.42%,3%,—,Standard,40k Pts,Qantas/Velocity,2.11 pts/$,✔,✘,Concierge Service,https://logo.placeholder.com/p&n bank.png,Up to 55 days,$3826,Capped at $5k/mo,"Apple, Google, Samsung Pay","$15-30 Late, $0 Overlimit",https://www.p&nbank.com.au/business/pds
Bank of Queensland,Bank of Queensland Platinum Frequent Flyer,Personal,Platinum,Frequent Flyer,$84,15.07%,3%,—,Standard,40k Pts,Qantas/Velocity,1.01 pts/$,✔,✘,Concierge Service,https://logo.placeholder.com/bank of queensland.png,Up to 55 days,$3966,Capped at $5k/mo,"Apple, Google, Samsung Pay","$15-30 Late, $0 Overlimit",https://www.bankofqueensland.com.au/personal/pds
Volopay,Volopay Entry Frequent Flyer,Personal,Entry,Frequent Flyer,$84,19.96%,3%,—,Standard,20k Pts,Qantas/Velocity,1.13 pts/$,✘,✘,Concierge Service,https://logo.placeholder.com/volopay.png,Up to 55 days,$4132,Capped at $5k/mo,"Apple, Google, Samsung Pay","$15-30 Late, $0 Overlimit",https://www.volopay.com.au/personal/pds
HSBC,HSBC Business Platinum Frequent Flyer,Corporate,Platinum,Frequent Flyer,$118,15.55%,3%,—,Standard,20k Pts,Qantas/Velocity,1.43 pts/$,✔,✘,Concierge Service,https://logo.placeholder.com/hsbc.png,Up to 55 days,$5736,Capped at $5k/mo,"Apple, Google, Samsung Pay","$15-30 Late, $0 Overlimit",https://www.hsbc.com.au/business/pds
G&C Mutual,G&C Mutual Platinum Frequent Flyer,Personal,Platinum,Frequent Flyer,$89,18.34%,3%,—,Standard,20k Pts,Qantas/Velocity,1.20 pts/$,✔,✘,Concierge Service,https://logo.placeholder.com/g&c mutual.png,Up to 55 days,$5581,Capped at $5k/mo,"Apple, Google, Samsung Pay","$15-30 Late, $0 Overlimit",https://www.g&cmutual.com.au/personal/pds
Judo Bank,Judo Bank Platinum Frequent Flyer,Sole Trader,Platinum,Frequent Flyer,$106,15.70%,3%,—,Standard,20k Pts,Qantas/Velocity,1.01 pts/$,✔,✘,Accounting Integration,https://logo.placeholder.com/judo bank.png,Up to 55 days,$1765,Capped at $5k/mo,"Apple, Google, Samsung Pay","$15-30 Late, $0 Overlimit",https://www.judobank.com.au/personal/pds
IMB Bank,IMB Bank Platinum Frequent Flyer,Sole Trader,Platinum,Frequent Flyer,$94,16.68%,3%,—,Standard,20k Pts,Qantas/Velocity,1.11 pts/$,✔,✘,Accounting Integration,https://logo.placeholder.com/imb bank.png,Up to 55 days,$4302,Capped at $5k/mo,"Apple, Google, Samsung Pay","$15-30 Late, $0 Overlimit",https://www.imbbank.com.au/personal/pds
CBA,CBA Platinum Frequent Flyer,Sole Trader,Platinum,Frequent Flyer,$80,14.28%,3%,—,Standard,20k Pts,Qantas/Velocity,0.60 pts/$,✔,✘,Accounting Integration,https://logo.placeholder.com/cba.png,Up to 55 days,$2422,Capped at $5k/mo,"Apple, Google, Samsung Pay","$15-30 Late, $0 Overlimit",https://www.cba.com.au/personal/pds
IMB Bank,IMB Bank Business Black Frequent Flyer,Business,Black,Frequent Flyer,$693,20.45%,0%,—,Standard,150k Pts,Qantas/Velocity,2.24 pts/$,✔,✔,Accounting Integration,https://logo.placeholder.com/imb bank.png,Up to 55 days,$4884,Capped at $5k/mo,"Apple, Google, Samsung Pay","$15-30 Late, $0 Overlimit",https://www.imbbank.com.au/business/pds
BankSA,BankSA Business Black Frequent Flyer,Business,Black,Frequent Flyer,$496,23.23%,0%,—,Standard,150k Pts,Qantas/Velocity,1.92 pts/$,✔,✔,Accounting Integration,https://logo.placeholder.com/banksa.png,Up to 55 days,$4920,Capped at $5k/mo,"Apple, Google, Samsung Pay","$15-30 Late, $0 Overlimit",https://www.banksa.com.au/business/pds
DiviPay,DiviPay Black Frequent Flyer,Personal,Black,Frequent Flyer,$389,20.77%,0%,—,Standard,150k Pts,Qantas/Velocity,2.22 pts/$,✔,✔,Concierge Service,https://logo.placeholder.com/divipay.png,Up to 55 days,$4353,Capped at $5k/mo,"Apple, Google, Samsung Pay","$15-30 Late, $0 Overlimit",https://www.divipay.com.au/personal/pds
P&N Bank,P&N Bank Black Frequent Flyer,Sole Trader,Black,Frequent Flyer,$324,21.41%,0%,—,Standard,150k Pts,Qantas/Velocity,0.87 pts/$,✔,✔,Accounting Integration,https://logo.placeholder.com/p&n bank.png,Up to 55 days,$1280,Capped at $5k/mo,"Apple, Google, Samsung Pay","$15-30 Late, $0 Overlimit",https://www.p&nbank.com.au/personal/pds
P&N Bank,P&N Bank Business Elite Frequent Flyer,Business,Elite,Frequent Flyer,$352,21.17%,0%,—,Standard,150k Pts,Qantas/Velocity,1.36 pts/$,✔,✔,Accounting Integration,https://logo.placeholder.com/p&n bank.png,Up to 55 days,$2865,Uncapped,"Apple, Google, Samsung Pay","$15-30 Late, $0 Overlimit",https://www.p&nbank.com.au/business/pds
BankSA,BankSA Signature Frequent Flyer,Sole Trader,Signature,Frequent Flyer,$637,22.52%,3%,—,Standard,150k Pts,Qantas/Velocity,2.05 pts/$,✔,✔,Accounting Integration,https://logo.placeholder.com/banksa.png,Up to 55 days,$2832,Capped at $5k/mo,"Apple, Google, Samsung Pay","$15-30 Late, $0 Overlimit",https://www.banksa.com.au/personal/pds
CBA,CBA Business Black Frequent Flyer,Business,Black,Frequent Flyer,$301,20.16%,0%,—,Standard,120k Pts,Qantas/Velocity,0.50 pts/$,✔,✔,Accounting Integration,https://logo.placeholder.com/cba.png,Up to 55 days,$5526,Capped at $5k/mo,"Apple, Google, Samsung Pay","$15-30 Late, $0 Overlimit",https://www.cba.com.au/business/pds
Teachers Mutual,Teachers Mutual Business Black Frequent Flyer,Business,Black,Frequent Flyer,$608,20.08%,0%,—,Standard,120k Pts,Qantas/Velocity,0.56 pts/$,✔,✔,Accounting Integration,https://logo.placeholder.com/teachers mutual.png,Up to 55 days,$2018,Capped at $5k/mo,"Apple, Google, Samsung Pay","$15-30 Late, $0 Overlimit",https://www.teachersmutual.com.au/business/pds
Bank of Melbourne,Bank of Melbourne Elite Frequent Flyer,Personal,Elite,Frequent Flyer,$332,20.64%,0%,—,Standard,120k Pts,Qantas/Velocity,1.17 pts/$,✔,✔,Concierge Service,https://logo.placeholder.com/bank of melbourne.png,Up to 55 days,$4286,Uncapped,"Apple, Google, Samsung Pay","$15-30 Late, $0 Overlimit",https://www.bankofmelbourne.com.au/personal/pds
Weel,Weel Elite Frequent Flyer,Personal,Elite,Frequent Flyer,$522,20.16%,0%,—,Standard,120k Pts,Qantas/Velocity,0.53 pts/$,✔,✔,Concierge Service,https://logo.placeholder.com/weel.png,Up to 55 days,$1935,Uncapped,"Apple, Google, Samsung Pay","$15-30 Late, $0 Overlimit",https://www.weel.com.au/personal/pds
MyState Bank,MyState Bank Elite Frequent Flyer,Sole Trader,Elite,Frequent Flyer,$395,21.54%,0%,—,Standard,120k Pts,Qantas/Velocity,0.59 pts/$,✔,✔,Accounting Integration,https://logo.placeholder.com/mystate bank.png,Up to 55 days,$3703,Uncapped,"Apple, Google, Samsung Pay","$15-30 Late, $0 Overlimit",https://www.mystatebank.com.au/personal/pds
St George,St George Business Black Frequent Flyer,Business,Black,Frequent Flyer,$441,22.10%,0%,—,Standard,100k Pts,Qantas/Velocity,0.56 pts/$,✔,✔,Accounting Integration,https://logo.placeholder.com/st george.png,Up to 55 days,$3067,Capped at $5k/mo,"Apple, Google, Samsung Pay","$15-30 Late, $0 Overlimit",https://www.stgeorge.com.au/business/pds
DiviPay,DiviPay Business Elite Frequent Flyer,Corporate,Elite,Frequent Flyer,$549,20.00%,0%,—,Standard,100k Pts,Qantas/Velocity,1.50 pts/$,✔,✔,Concierge Service,https://logo.placeholder.com/divipay.png,Up to 55 days,$5438,Uncapped,"Apple, Google, Samsung Pay","$15-30 Late, $0 Overlimit",https://www.divipay.com.au/business/pds
Suncorp,Suncorp Elite Frequent Flyer,Sole Trader,Elite,Frequent Flyer,$497,21.91%,0%,—,Standard,100k Pts,Qantas/Velocity,0.68 pts/$,✔,✔,Accounting Integration,https://logo.placeholder.com/suncorp.png,Up to 55 days,$4081,Uncapped,"Apple, Google, Samsung Pay","$15-30 Late, $0 Overlimit",https://www.suncorp.com.au/personal/pds
HSBC,HSBC Business Signature Frequent Flyer,Corporate,Signature,Frequent Flyer,$277,21.14%,3%,—,Standard,100k Pts,Qantas/Velocity,1.43 pts/$,✔,✔,Concierge Service,https://logo.placeholder.com/hsbc.png,Up to 55 days,$1009,Capped at $5k/mo,"Apple, Google, Samsung Pay","$15-30 Late, $0 Overlimit",https://www.hsbc.com.au/business/pds
Qantas Money,Qantas Money Entry Rewards,Personal,Entry,Rewards,$88,17.32%,3%,—,Standard,20k Pts,Qantas Money Rewards,0.78 pts/$,✘,✘,Concierge Service,https://logo.placeholder.com/qantas money.png,Up to 55 days,$2915,Capped at $5k/mo,"Apple, Google, Samsung Pay","$15-30 Late, $0 Overlimit",https://www.qantasmoney.com.au/personal/pds
Newcastle Permanent,Newcastle Permanent Business Signature Rewards,Business,Signature,Rewards,$295,21.08%,3%,—,Standard,150k Pts,Newcastle Permanent Rewards,1.12 pts/$,✔,✔,Accounting Integration,https://logo.placeholder.com/newcastle permanent.png,Up to 55 days,$4266,Capped at $5k/mo,"Apple, Google, Samsung Pay","$15-30 Late, $0 Overlimit",https://www.newcastlepermanent.com.au/business/pds
NAB,NAB Black Rewards,Personal,Black,Rewards,$334,23.64%,0%,—,Standard,80k Pts,NAB Rewards,2.21 pts/$,✔,✔,Concierge Service,https://logo.placeholder.com/nab.png,Up to 55 days,$1168,Capped at $5k/mo,"Apple, Google, Samsung Pay","$15-30 Late, $0 Overlimit",https://www.nab.com.au/personal/pds
NAB,NAB Business Entry Rewards,Business,Entry,Rewards,$79,15.98%,3%,—,Standard,60k Pts,NAB Rewards,0.50 pts/$,✘,✘,Accounting Integration,https://logo.placeholder.com/nab.png,Up to 55 days,$2402,Capped at $5k/mo,"Apple, Google, Samsung Pay","$15-30 Late, $0 Overlimit",https://www.nab.com.au/business/pds
BankSA,BankSA Business Black Low Rate,Business,Black,Low Rate,$6,13.96%,0%,0% for 12-24 mths,1-3%,None,N/A,1.11 pts/$,✔,✔,Accounting Integration,https://logo.placeholder.com/banksa.png,Up to 55 days,N/A,Capped at $5k/mo,"Apple, Google, Samsung Pay","$15-30 Late, $0 Overlimit",https://www.banksa.com.au/business/pds
Police Bank,Police Bank Black Low Rate,Sole Trader,Black,Low Rate,$34,9.53%,0%,0% for 12-24 mths,1-3%,None,N/A,1.19 pts/$,✔,✔,Accounting Integration,https://logo.placeholder.com/police bank.png,Up to 55 days,N/A,Capped at $5k/mo,"Apple, Google, Samsung Pay","$15-30 Late, $0 Overlimit",https://www.policebank.com.au/personal/pds
Woolworths,Woolworths Black Low Rate,Sole Trader,Black,Low Rate,$41,11.00%,0%,0% for 12-24 mths,1-3%,None,N/A,1.19 pts/$,✔,✔,Accounting Integration,https://logo.placeholder.com/woolworths.png,Up to 55 days,N/A,Capped at $5k/mo,"Apple, Google, Samsung Pay","$15-30 Late, $0 Overlimit",https://www.woolworths.com.au/personal/pds
Amex,Amex Black Low Rate,Sole Trader,Black,Low Rate,$30,12.46%,0%,0% for 12-24 mths,1-3%,None,N/A,1.38 pts/$,✔,✔,Accounting Integration,https://logo.placeholder.com/amex.png,Up to 55 days,N/A,Capped at $5k/mo,"Apple, Google, Samsung Pay","$15-30 Late, $0 Overlimit",https://www.amex.com.au/personal/pds
Newcastle Permanent,Newcastle Permanent Business Elite Low Rate,Business,Elite,Low Rate,$52,10.87%,0%,0% for 12-24 mths,1-3%,None,N/A,0.69 pts/$,✔,✔,Accounting Integration,https://logo.placeholder.com/newcastle permanent.png,Up to 55 days,N/A,Uncapped,"Apple, Google, Samsung Pay","$15-30 Late, $0 Overlimit",https://www.newcastlepermanent.com.au/business/pds
Airwallex,Airwallex Business Elite Low Rate,Business,Elite,Low Rate,$7,13.60%,0%,0% for 12-24 mths,1-3%,None,N/A,1.47 pts/$,✔,✔,Accounting Integration,https://logo.placeholder.com/airwallex.png,Up to 55 days,N/A,Uncapped,"Apple, Google, Samsung Pay","$15-30 Late, $0 Overlimit",https://www.airwallex.com.au/business/pds
Beyond Bank,Beyond Bank Business Elite Low Rate,Business,Elite,Low Rate,$37,13.32%,0%,0% for 12-24 mths,1-3%,None,N/A,1.87 pts/$,✔,✔,Accounting Integration,https://logo.placeholder.com/beyond bank.png,Up to 55 days,N/A,Uncapped,"Apple, Google, Samsung Pay","$15-30 Late, $0 Overlimit",https://www.beyondbank.com.au/business/pds
HSBC,HSBC Business Elite Low Rate,Business,Elite,Low Rate,$43,13.98%,0%,0% for 12-24 mths,1-3%,None,N/A,0.53 pts/$,✔,✔,Accounting Integration,https://logo.placeholder.com/hsbc.png,Up to 55 days,N/A,Uncapped,"Apple, Google, Samsung Pay","$15-30 Late, $0 Overlimit",https://www.hsbc.com.au/business/pds
Airwallex,Airwallex Business Elite Low Rate,Corporate,Elite,Low Rate,$31,13.86%,0%,0% for 12-24 mths,1-3%,None,N/A,0.90 pts/$,✔,✔,Concierge Service,https://logo.placeholder.com/airwallex.png,Up to 55 days,N/A,Uncapped,"Apple, Google, Samsung Pay","$15-30 Late, $0 Overlimit",https://www.airwallex.com.au/business/pds
Westpac,Westpac Business Elite Low Rate,Corporate,Elite,Low Rate,$58,12.94%,0%,0% for 12-24 mths,1-3%,None,N/A,1.56 pts/$,✔,✔,Concierge Service,https://logo.placeholder.com/westpac.png,Up to 55 days,N/A,Uncapped,"Apple, Google, Samsung Pay","$15-30 Late, $0 Overlimit",https://www.westpac.com.au/business/pds
DiviPay,DiviPay Elite Low Rate,Personal,Elite,Low Rate,$14,12.22%,0%,0% for 12-24 mths,1-3%,None,N/A,2.10 pts/$,✔,✔,Concierge Service,https://logo.placeholder.com/divipay.png,Up to 55 days,N/A,Uncapped,"Apple, Google, Samsung Pay","$15-30 Late, $0 Overlimit",https://www.divipay.com.au/personal/pds
P&N Bank,P&N Bank Elite Low Rate,Personal,Elite,Low Rate,$5,12.45%,0%,0% for 12-24 mths,1-3%,None,N/A,1.26 pts/$,✔,✔,Concierge Service,https://logo.placeholder.com/p&n bank.png,Up to 55 days,N/A,Uncapped,"Apple, Google, Samsung Pay","$15-30 Late, $0 Overlimit",https://www.p&nbank.com.au/personal/pds
P&N Bank,P&N Bank Elite Low Rate,Sole Trader,Elite,Low Rate,$2,13.23%,0%,0% for 12-24 mths,1-3%,None,N/A,0.54 pts/$,✔,✔,Accounting Integration,https://logo.placeholder.com/p&n bank.png,Up to 55 days,N/A,Uncapped,"Apple, Google, Samsung Pay","$15-30 Late, $0 Overlimit",https://www.p&nbank.com.au/personal/pds
Bank of Melbourne,Bank of Melbourne Business Entry Low Rate,Business,Entry,Low Rate,$46,10.95%,3%,0% for 12-24 mths,1-3%,None,N/A,1.50 pts/$,✘,✘,Accounting Integration,https://logo.placeholder.com/bank of melbourne.png,Up to 55 days,N/A,Capped at $5k/mo,"Apple, Google, Samsung Pay","$15-30 Late, $0 Overlimit",https://www.bankofmelbourne.com.au/business/pds
Great Southern Bank,Great Southern Bank Business Entry Low Rate,Business,Entry,Low Rate,$58,10.70%,3%,0% for 12-24 mths,1-3%,None,N/A,2.14 pts/$,✘,✘,Accounting Integration,https://logo.placeholder.com/great southern bank.png,Up to 55 days,N/A,Capped at $5k/mo,"Apple, Google, Samsung Pay","$15-30 Late, $0 Overlimit",https://www.greatsouthernbank.com.au/business/pds
Virgin Money,Virgin Money Business Entry Low Rate,Corporate,Entry,Low Rate,$22,10.04%,3%,0% for 12-24 mths,1-3%,None,N/A,1.69 pts/$,✘,✘,Concierge Service,https://logo.placeholder.com/virgin money.png,Up to 55 days,N/A,Capped at $5k/mo,"Apple, Google, Samsung Pay","$15-30 Late, $0 Overlimit",https://www.virginmoney.com.au/business/pds
Volopay,Volopay Business Entry Low Rate,Corporate,Entry,Low Rate,$15,9.96%,3%,0% for 12-24 mths,1-3%,None,N/A,0.98 pts/$,✘,✘,Concierge Service,https://logo.placeholder.com/volopay.png,Up to 55 days,N/A,Capped at $5k/mo,"Apple, Google, Samsung Pay","$15-30 Late, $0 Overlimit",https://www.volopay.com.au/business/pds
Judo Bank,Judo Bank Business Entry Low Rate,Corporate,Entry,Low Rate,$42,12.70%,3%,0% for 12-24 mths,1-3%,None,N/A,1.51 pts/$,✘,✘,Concierge Service,https://logo.placeholder.com/judo bank.png,Up to 55 days,N/A,Capped at $5k/mo,"Apple, Google, Samsung Pay","$15-30 Late, $0 Overlimit",https://www.judobank.com.au/business/pds
Great Southern Bank,Great Southern Bank Entry Low Rate,Personal,Entry,Low Rate,$37,9.70%,3%,0% for 12-24 mths,1-3%,None,N/A,1.33 pts/$,✘,✘,Concierge Service,https://logo.placeholder.com/great southern bank.png,Up to 55 days,N/A,Capped at $5k/mo,"Apple, Google, Samsung Pay","$15-30 Late, $0 Overlimit",https://www.greatsouthernbank.com.au/personal/pds
DiviPay,DiviPay Entry Low Rate,Sole Trader,Entry,Low Rate,$21,10.40%,3%,0% for 12-24 mths,1-3%,None,N/A,1.91 pts/$,✘,✘,Accounting Integration,https://logo.placeholder.com/divipay.png,Up to 55 days,N/A,Capped at $5k/mo,"Apple, Google, Samsung Pay","$15-30 Late, $0 Overlimit",https://www.divipay.com.au/personal/pds
Newcastle Permanent,Newcastle Permanent Business Platinum Low Rate,Business,Platinum,Low Rate,$56,10.77%,3%,0% for 12-24 mths,1-3%,None,N/A,1.15 pts/$,✔,✘,Accounting Integration,https://logo.placeholder.com/newcastle permanent.png,Up to 55 days,N/A,Capped at $5k/mo,"Apple, Google, Samsung Pay","$15-30 Late, $0 Overlimit",https://www.newcastlepermanent.com.au/business/pds
Citibank,Citibank Business Platinum Low Rate,Business,Platinum,Low Rate,$26,11.04%,3%,0% for 12-24 mths,1-3%,None,N/A,1.05 pts/$,✔,✘,Accounting Integration,https://logo.placeholder.com/citibank.png,Up to 55 days,N/A,Capped at $5k/mo,"Apple, Google, Samsung Pay","$15-30 Late, $0 Overlimit",https://www.citibank.com.au/business/pds
Citibank,Citibank Business Platinum Low Rate,Corporate,Platinum,Low Rate,$1,10.80%,3%,0% for 12-24 mths,1-3%,None,N/A,1.07 pts/$,✔,✘,Concierge Service,https://logo.placeholder.com/citibank.png,Up to 55 days,N/A,Capped at $5k/mo,"Apple, Google, Samsung Pay","$15-30 Late, $0 Overlimit",https://www.citibank.com.au/business/pds
Kogan,Kogan Platinum Low Rate,Personal,Platinum,Low Rate,$28,9.92%,3%,0% for 12-24 mths,1-3%,None,N/A,1.13 pts/$,✔,✘,Concierge Service,https://logo.placeholder.com/kogan.png,Up to 55 days,N/A,Capped at $5k/mo,"Apple, Google, Samsung Pay","$15-30 Late, $0 Overlimit",https://www.kogan.com.au/personal/pds
IMB Bank,IMB Bank Platinum Low Rate,Personal,Platinum,Low Rate,$49,10.47%,3%,0% for 12-24 mths,1-3%,None,N/A,1.62 pts/$,✔,✘,Concierge Service,https://logo.placeholder.com/imb bank.png,Up to 55 days,N/A,Capped at $5k/mo,"Apple, Google, Samsung Pay","$15-30 Late, $0 Overlimit",https://www.imbbank.com.au/personal/pds
MyState Bank,MyState Bank Platinum Low Rate,Personal,Platinum,Low Rate,$30,12.68%,3%,0% for 12-24 mths,1-3%,None,N/A,1.63 pts/$,✔,✘,Concierge Service,https://logo.placeholder.com/mystate bank.png,Up to 55 days,N/A,Capped at $5k/mo,"Apple, Google, Samsung Pay","$15-30 Late, $0 Overlimit",https://www.mystatebank.com.au/personal/pds
Amex,Amex Platinum Low Rate,Sole Trader,Platinum,Low Rate,$29,10.69%,3%,0% for 12-24 mths,1-3%,None,N/A,0.86 pts/$,✔,✘,Accounting Integration,https://logo.placeholder.com/amex.png,Up to 55 days,N/A,Capped at $5k/mo,"Apple, Google, Samsung Pay","$15-30 Late, $0 Overlimit",https://www.amex.com.au/personal/pds
Volopay,Volopay Platinum Low Rate,Sole Trader,Platinum,Low Rate,$25,12.34%,3%,0% for 12-24 mths,1-3%,None,N/A,1.44 pts/$,✔,✘,Accounting Integration,https://logo.placeholder.com/volopay.png,Up to 55 days,N/A,Capped at $5k/mo,"Apple, Google, Samsung Pay","$15-30 Late, $0 Overlimit",https://www.volopay.com.au/personal/pds
Newcastle Permanent,Newcastle Permanent Platinum Low Rate,Sole Trader,Platinum,Low Rate,$20,10.10%,3%,0% for 12-24 mths,1-3%,None,N/A,1.58 pts/$,✔,✘,Accounting Integration,https://logo.placeholder.com/newcastle permanent.png,Up to 55 days,N/A,Capped at $5k/mo,"Apple, Google, Samsung Pay","$15-30 Late, $0 Overlimit",https://www.newcastlepermanent.com.au/personal/pds
Bankwest,Bankwest Business Signature Low Rate,Corporate,Signature,Low Rate,$49,12.15%,3%,0% for 12-24 mths,1-3%,None,N/A,2.10 pts/$,✔,✔,Concierge Service,https://logo.placeholder.com/bankwest.png,Up to 55 days,N/A,Capped at $5k/mo,"Apple, Google, Samsung Pay","$15-30 Late, $0 Overlimit",https://www.bankwest.com.au/business/pds
MyState Bank,MyState Bank Business Signature Low Rate,Corporate,Signature,Low Rate,$47,13.41%,3%,0% for 12-24 mths,1-3%,None,N/A,0.60 pts/$,✔,✔,Concierge Service,https://logo.placeholder.com/mystate bank.png,Up to 55 days,N/A,Capped at $5k/mo,"Apple, Google, Samsung Pay","$15-30 Late, $0 Overlimit",https://www.mystatebank.com.au/business/pds
DiviPay,DiviPay Signature Low Rate,Personal,Signature,Low Rate,$50,10.86%,3%,0% for 12-24 mths,1-3%,None,N/A,1.37 pts/$,✔,✔,Concierge Service,https://logo.placeholder.com/divipay.png,Up to 55 days,N/A,Capped at $5k/mo,"Apple, Google, Samsung Pay","$15-30 Late, $0 Overlimit",https://www.divipay.com.au/personal/pds
Judo Bank,Judo Bank Business Black No Interest,Business,Black,No Interest,$660,0%,0%,—,Standard,80k Pts,N/A,1.09 pts/$,✔,✔,Accounting Integration,https://logo.placeholder.com/judo bank.png,Up to 55 days,$5861,Capped at $5k/mo,"Apple, Google, Samsung Pay","$15-30 Late, $0 Overlimit",https://www.judobank.com.au/business/pds
HSBC,HSBC Business Black Low Fee,Corporate,Black,Low Fee,$514,21.00%,0%,—,Standard,80k Pts,N/A,1.98 pts/$,✔,✔,Concierge Service,https://logo.placeholder.com/hsbc.png,Up to 55 days,$1744,Capped at $5k/mo,"Apple, Google, Samsung Pay","$15-30 Late, $0 Overlimit",https://www.hsbc.com.au/business/pds
Citibank,Citibank Business Black Expense Management,Corporate,Black,Expense Management,$376,22.32%,0%,—,Standard,80k Pts,N/A,2.14 pts/$,✔,✔,Concierge Service,https://logo.placeholder.com/citibank.png,Up to 55 days,$2388,Capped at $5k/mo,"Apple, Google, Samsung Pay","$15-30 Late, $0 Overlimit",https://www.citibank.com.au/business/pds
Citibank,Citibank Black Charge,Personal,Black,Charge,$321,21.97%,0%,—,Standard,80k Pts,N/A,1.80 pts/$,✔,✔,Concierge Service,https://logo.placeholder.com/citibank.png,Up to 44 days,$5657,Capped at $5k/mo,"Apple, Google, Samsung Pay","$15-30 Late, $0 Overlimit",https://www.citibank.com.au/personal/pds
G&C Mutual,G&C Mutual Black Expense Management,Personal,Black,Expense Management,$515,21.56%,0%,—,Standard,80k Pts,N/A,0.67 pts/$,✔,✔,Concierge Service,https://logo.placeholder.com/g&c mutual.png,Up to 55 days,$3074,Capped at $5k/mo,"Apple, Google, Samsung Pay","$15-30 Late, $0 Overlimit",https://www.g&cmutual.com.au/personal/pds
NAB,NAB Black Expense Management,Personal,Black,Expense Management,$254,23.00%,0%,—,Standard,80k Pts,N/A,1.16 pts/$,✔,✔,Concierge Service,https://logo.placeholder.com/nab.png,Up to 55 days,$5718,Capped at $5k/mo,"Apple, Google, Samsung Pay","$15-30 Late, $0 Overlimit",https://www.nab.com.au/personal/pds
Amex,Amex Black No Interest,Personal,Black,No Interest,$348,0%,0%,—,Standard,80k Pts,N/A,1.06 pts/$,✔,✔,Concierge Service,https://logo.placeholder.com/amex.png,Up to 55 days,$1885,Capped at $5k/mo,"Apple, Google, Samsung Pay","$15-30 Late, $0 Overlimit",https://www.amex.com.au/personal/pds
Citibank,Citibank Black Low Fee,Sole Trader,Black,Low Fee,$269,21.30%,0%,—,Standard,80k Pts,N/A,2.12 pts/$,✔,✔,Accounting Integration,https://logo.placeholder.com/citibank.png,Up to 55 days,$2346,Capped at $5k/mo,"Apple, Google, Samsung Pay","$15-30 Late, $0 Overlimit",https://www.citibank.com.au/personal/pds
St George,St George Business Elite Low Fee,Business,Elite,Low Fee,$256,22.05%,0%,—,Standard,80k Pts,N/A,1.18 pts/$,✔,✔,Accounting Integration,https://logo.placeholder.com/st george.png,Up to 55 days,$5712,Uncapped,"Apple, Google, Samsung Pay","$15-30 Late, $0 Overlimit",https://www.stgeorge.com.au/business/pds
Airwallex,Airwallex Business Elite Low Fee,Business,Elite,Low Fee,$527,23.40%,0%,—,Standard,80k Pts,N/A,1.05 pts/$,✔,✔,Accounting Integration,https://logo.placeholder.com/airwallex.png,Up to 55 days,$2507,Uncapped,"Apple, Google, Samsung Pay","$15-30 Late, $0 Overlimit",https://www.airwallex.com.au/business/pds
ING,ING Elite Low Fee,Sole Trader,Elite,Low Fee,$485,22.23%,0%,—,Standard,80k Pts,N/A,1.08 pts/$,✔,✔,Accounting Integration,https://logo.placeholder.com/ing.png,Up to 55 days,$5693,Uncapped,"Apple, Google, Samsung Pay","$15-30 Late, $0 Overlimit",https://www.ing.com.au/personal/pds
DiviPay,DiviPay Elite Low Fee,Sole Trader,Elite,Low Fee,$302,21.94%,0%,—,Standard,80k Pts,N/A,1.31 pts/$,✔,✔,Accounting Integration,https://logo.placeholder.com/divipay.png,Up to 55 days,$4118,Uncapped,"Apple, Google, Samsung Pay","$15-30 Late, $0 Overlimit",https://www.divipay.com.au/personal/pds
Great Southern Bank,Great Southern Bank Elite Charge,Sole Trader,Elite,Charge,$261,22.24%,0%,—,Standard,80k Pts,N/A,1.29 pts/$,✔,✔,Accounting Integration,https://logo.placeholder.com/great southern bank.png,Up to 44 days,$4864,Uncapped,"Apple, Google, Samsung Pay","$15-30 Late, $0 Overlimit",https://www.greatsouthernbank.com.au/personal/pds
ING,ING Business Signature Expense Management,Business,Signature,Expense Management,$625,22.07%,3%,—,Standard,80k Pts,N/A,1.83 pts/$,✔,✔,Accounting Integration,https://logo.placeholder.com/ing.png,Up to 55 days,$5640,Capped at $5k/mo,"Apple, Google, Samsung Pay","$15-30 Late, $0 Overlimit",https://www.ing.com.au/business/pds
CBA,CBA Signature Expense Management,Personal,Signature,Expense Management,$699,23.86%,3%,—,Standard,80k Pts,N/A,1.49 pts/$,✔,✔,Concierge Service,https://logo.placeholder.com/cba.png,Up to 55 days,$1741,Capped at $5k/mo,"Apple, Google, Samsung Pay","$15-30 Late, $0 Overlimit",https://www.cba.com.au/personal/pds
Airwallex,Airwallex Signature Low Fee,Sole Trader,Signature,Low Fee,$469,20.98%,3%,—,Standard,80k Pts,N/A,1.14 pts/$,✔,✔,Accounting Integration,https://logo.placeholder.com/airwallex.png,Up to 55 days,$4952,Capped at $5k/mo,"Apple, Google, Samsung Pay","$15-30 Late, $0 Overlimit",https://www.airwallex.com.au/personal/pds
DiviPay,DiviPay Business Entry No Interest,Business,Entry,No Interest,$68,0%,3%,—,Standard,60k Pts,N/A,0.74 pts/$,✘,✘,Accounting Integration,https://logo.placeholder.com/divipay.png,Up to 55 days,$5247,Capped at $5k/mo,"Apple, Google, Samsung Pay","$15-30 Late, $0 Overlimit",https://www.divipay.com.au/business/pds
Great Southern Bank,Great Southern Bank Business Entry Charge,Business,Entry,Charge,$62,19.46%,3%,—,Standard,60k Pts,N/A,1.59 pts/$,✘,✘,Accounting Integration,https://logo.placeholder.com/great southern bank.png,Up to 44 days,$4517,Capped at $5k/mo,"Apple, Google, Samsung Pay","$15-30 Late, $0 Overlimit",https://www.greatsouthernbank.com.au/business/pds
Bank of Melbourne,Bank of Melbourne Business Entry Expense Management,Business,Entry,Expense Management,$111,19.20%,3%,—,Standard,60k Pts,N/A,1.48 pts/$,✘,✘,Accounting Integration,https://logo.placeholder.com/bank of melbourne.png,Up to 55 days,$1179,Capped at $5k/mo,"Apple, Google, Samsung Pay","$15-30 Late, $0 Overlimit",https://www.bankofmelbourne.com.au/business/pds
Westpac,Westpac Business Entry Low Fee,Corporate,Entry,Low Fee,$78,18.18%,3%,—,Standard,60k Pts,N/A,2.10 pts/$,✘,✘,Concierge Service,https://logo.placeholder.com/westpac.png,Up to 55 days,$4906,Capped at $5k/mo,"Apple, Google, Samsung Pay","$15-30 Late, $0 Overlimit",https://www.westpac.com.au/business/pds
NAB,NAB Entry Low Fee,Personal,Entry,Low Fee,$74,14.31%,3%,—,Standard,60k Pts,N/A,1.88 pts/$,✘,✘,Concierge Service,https://logo.placeholder.com/nab.png,Up to 55 days,$2588,Capped at $5k/mo,"Apple, Google, Samsung Pay","$15-30 Late, $0 Overlimit",https://www.nab.com.au/personal/pds
HSBC,HSBC Entry Expense Management,Personal,Entry,Expense Management,$112,19.61%,3%,—,Standard,60k Pts,N/A,0.90 pts/$,✘,✘,Concierge Service,https://logo.placeholder.com/hsbc.png,Up to 55 days,$5015,Capped at $5k/mo,"Apple, Google, Samsung Pay","$15-30 Late, $0 Overlimit",https://www.hsbc.com.au/personal/pds
Teachers Mutual,Teachers Mutual Entry Expense Management,Sole Trader,Entry,Expense Management,$83,14.07%,3%,—,Standard,60k Pts,N/A,1.48 pts/$,✘,✘,Accounting Integration,https://logo.placeholder.com/teachers mutual.png,Up to 55 days,$3047,Capped at $5k/mo,"Apple, Google, Samsung Pay","$15-30 Late, $0 Overlimit",https://www.teachersmutual.com.au/personal/pds
Teachers Mutual,Teachers Mutual Business Platinum Low Fee,Business,Platinum,Low Fee,$73,18.93%,3%,—,Standard,60k Pts,N/A,2.14 pts/$,✔,✘,Accounting Integration,https://logo.placeholder.com/teachers mutual.png,Up to 55 days,$3799,Capped at $5k/mo,"Apple, Google, Samsung Pay","$15-30 Late, $0 Overlimit",https://www.teachersmutual.com.au/business/pds
HSBC,HSBC Business Platinum Charge,Business,Platinum,Charge,$150,19.67%,3%,—,Standard,60k Pts,N/A,1.05 pts/$,✔,✘,Accounting Integration,https://logo.placeholder.com/hsbc.png,Up to 44 days,$3912,Capped at $5k/mo,"Apple, Google, Samsung Pay","$15-30 Late, $0 Overlimit",https://www.hsbc.com.au/business/pds
IMB Bank,IMB Bank Business Platinum No Interest,Business,Platinum,No Interest,$122,0%,3%,—,Standard,60k Pts,N/A,1.64 pts/$,✔,✘,Accounting Integration,https://logo.placeholder.com/imb bank.png,Up to 55 days,$5241,Capped at $5k/mo,"Apple, Google, Samsung Pay","$15-30 Late, $0 Overlimit",https://www.imbbank.com.au/business/pds
HSBC,HSBC Business Platinum Low Fee,Corporate,Platinum,Low Fee,$119,14.24%,3%,—,Standard,60k Pts,N/A,0.94 pts/$,✔,✘,Concierge Service,https://logo.placeholder.com/hsbc.png,Up to 55 days,$1161,Capped at $5k/mo,"Apple, Google, Samsung Pay","$15-30 Late, $0 Overlimit",https://www.hsbc.com.au/business/pds
DiviPay,DiviPay Business Platinum Low Fee,Corporate,Platinum,Low Fee,$97,18.29%,3%,—,Standard,60k Pts,N/A,1.51 pts/$,✔,✘,Concierge Service,https://logo.placeholder.com/divipay.png,Up to 55 days,$4809,Capped at $5k/mo,"Apple, Google, Samsung Pay","$15-30 Late, $0 Overlimit",https://www.divipay.com.au/business/pds
Coles,Coles Business Platinum Expense Management,Corporate,Platinum,Expense Management,$115,14.31%,3%,—,Standard,60k Pts,N/A,1.07 pts/$,✔,✘,Concierge Service,https://logo.placeholder.com/coles.png,Up to 55 days,$2565,Capped at $5k/mo,"Apple, Google, Samsung Pay","$15-30 Late, $0 Overlimit",https://www.coles.com.au/business/pds
Teachers Mutual,Teachers Mutual Platinum Low Fee,Personal,Platinum,Low Fee,$83,14.86%,3%,—,Standard,60k Pts,N/A,0.75 pts/$,✔,✘,Concierge Service,https://logo.placeholder.com/teachers mutual.png,Up to 55 days,$3659,Capped at $5k/mo,"Apple, Google, Samsung Pay","$15-30 Late, $0 Overlimit",https://www.teachersmutual.com.au/personal/pds
Suncorp,Suncorp Platinum Expense Management,Personal,Platinum,Expense Management,$141,19.84%,3%,—,Standard,60k Pts,N/A,1.82 pts/$,✔,✘,Concierge Service,https://logo.placeholder.com/suncorp.png,Up to 55 days,$5562,Capped at $5k/mo,"Apple, Google, Samsung Pay","$15-30 Late, $0 Overlimit",https://www.suncorp.com.au/personal/pds
ING,ING Platinum Charge,Personal,Platinum,Charge,$92,16.84%,3%,—,Standard,60k Pts,N/A,1.96 pts/$,✔,✘,Concierge Service,https://logo.placeholder.com/ing.png,Up to 44 days,$5545,Capped at $5k/mo,"Apple, Google, Samsung Pay","$15-30 Late, $0 Overlimit",https://www.ing.com.au/personal/pds
DiviPay,DiviPay Business Entry Expense Management,Business,Entry,Expense Management,$129,16.17%,3%,—,Standard,40k Pts,N/A,1.17 pts/$,✘,✘,Accounting Integration,https://logo.placeholder.com/divipay.png,Up to 55 days,$3771,Capped at $5k/mo,"Apple, Google, Samsung Pay","$15-30 Late, $0 Overlimit",https://www.divipay.com.au/business/pds
Volopay,Volopay Business Entry No Interest,Corporate,Entry,No Interest,$143,0%,3%,—,Standard,40k Pts,N/A,1.80 pts/$,✘,✘,Concierge Service,https://logo.placeholder.com/volopay.png,Up to 55 days,$2794,Capped at $5k/mo,"Apple, Google, Samsung Pay","$15-30 Late, $0 Overlimit",https://www.volopay.com.au/business/pds
Beyond Bank,Beyond Bank Business Entry Low Fee,Corporate,Entry,Low Fee,$144,18.15%,3%,—,Standard,40k Pts,N/A,2.06 pts/$,✘,✘,Concierge Service,https://logo.placeholder.com/beyond bank.png,Up to 55 days,$5592,Capped at $5k/mo,"Apple, Google, Samsung Pay","$15-30 Late, $0 Overlimit",https://www.beyondbank.com.au/business/pds
Westpac,Westpac Business Entry No Interest,Corporate,Entry,No Interest,$116,0%,3%,—,Standard,40k Pts,N/A,1.54 pts/$,✘,✘,Concierge Service,https://logo.placeholder.com/westpac.png,Up to 55 days,$2060,Capped at $5k/mo,"Apple, Google, Samsung Pay","$15-30 Late, $0 Overlimit",https://www.westpac.com.au/business/pds
Volopay,Volopay Business Entry No Interest,Corporate,Entry,No Interest,$102,0%,3%,—,Standard,40k Pts,N/A,1.40 pts/$,✘,✘,Concierge Service,https://logo.placeholder.com/volopay.png,Up to 55 days,$4561,Capped at $5k/mo,"Apple, Google, Samsung Pay","$15-30 Late, $0 Overlimit",https://www.volopay.com.au/business/pds
Newcastle Permanent,Newcastle Permanent Business Entry Expense Management,Corporate,Entry,Expense Management,$84,17.17%,3%,—,Standard,40k Pts,N/A,1.46 pts/$,✘,✘,Concierge Service,https://logo.placeholder.com/newcastle permanent.png,Up to 55 days,$1474,Capped at $5k/mo,"Apple, Google, Samsung Pay","$15-30 Late, $0 Overlimit",https://www.newcastlepermanent.com.au/business/pds
Great Southern Bank,Great Southern Bank Business Entry Charge,Corporate,Entry,Charge,$123,14.05%,3%,—,Standard,40k Pts,N/A,0.59 pts/$,✘,✘,Concierge Service,https://logo.placeholder.com/great southern bank.png,Up to 44 days,$4450,Capped at $5k/mo,"Apple, Google, Samsung Pay","$15-30 Late, $0 Overlimit",https://www.greatsouthernbank.com.au/business/pds
Westpac,Westpac Entry No Interest,Personal,Entry,No Interest,$99,0%,3%,—,Standard,40k Pts,N/A,0.56 pts/$,✘,✘,Concierge Service,https://logo.placeholder.com/westpac.png,Up to 55 days,$4319,Capped at $5k/mo,"Apple, Google, Samsung Pay","$15-30 Late, $0 Overlimit",https://www.westpac.com.au/personal/pds
G&C Mutual,G&C Mutual Entry Charge,Personal,Entry,Charge,$99,16.79%,3%,—,Standard,40k Pts,N/A,0.99 pts/$,✘,✘,Concierge Service,https://logo.placeholder.com/g&c mutual.png,Up to 44 days,$5521,Capped at $5k/mo,"Apple, Google, Samsung Pay","$15-30 Late, $0 Overlimit",https://www.g&cmutual.com.au/personal/pds
ING,ING Entry No Interest,Personal,Entry,No Interest,$106,0%,3%,—,Standard,40k Pts,N/A,1.65 pts/$,✘,✘,Concierge Service,https://logo.placeholder.com/ing.png,Up to 55 days,$3315,Capped at $5k/mo,"Apple, Google, Samsung Pay","$15-30 Late, $0 Overlimit",https://www.ing.com.au/personal/pds
Qantas Money,Qantas Money Entry Low Fee,Sole Trader,Entry,Low Fee,$93,18.16%,3%,—,Standard,40k Pts,N/A,2.13 pts/$,✘,✘,Accounting Integration,https://logo.placeholder.com/qantas money.png,Up to 55 days,$2920,Capped at $5k/mo,"Apple, Google, Samsung Pay","$15-30 Late, $0 Overlimit",https://www.qantasmoney.com.au/personal/pds
Bank of Queensland,Bank of Queensland Entry Expense Management,Sole Trader,Entry,Expense Management,$72,16.89%,3%,—,Standard,40k Pts,N/A,1.58 pts/$,✘,✘,Accounting Integration,https://logo.placeholder.com/bank of queensland.png,Up to 55 days,$5371,Capped at $5k/mo,"Apple, Google, Samsung Pay","$15-30 Late, $0 Overlimit",https://www.bankofqueensland.com.au/personal/pds
BankSA,BankSA Entry No Interest,Sole Trader,Entry,No Interest,$74,0%,3%,—,Standard,40k Pts,N/A,1.04 pts/$,✘,✘,Accounting Integration,https://logo.placeholder.com/banksa.png,Up to 55 days,$3828,Capped at $5k/mo,"Apple, Google, Samsung Pay","$15-30 Late, $0 Overlimit",https://www.banksa.com.au/personal/pds
IMB Bank,IMB Bank Entry No Interest,Sole Trader,Entry,No Interest,$74,0%,3%,—,Standard,40k Pts,N/A,1.14 pts/$,✘,✘,Accounting Integration,https://logo.placeholder.com/imb bank.png,Up to 55 days,$1373,Capped at $5k/mo,"Apple, Google, Samsung Pay","$15-30 Late, $0 Overlimit",https://www.imbbank.com.au/personal/pds
Weel,Weel Entry No Interest,Sole Trader,Entry,No Interest,$67,0%,3%,—,Standard,40k Pts,N/A,1.94 pts/$,✘,✘,Accounting Integration,https://logo.placeholder.com/weel.png,Up to 55 days,$3129,Capped at $5k/mo,"Apple, Google, Samsung Pay","$15-30 Late, $0 Overlimit",https://www.weel.com.au/personal/pds
IMB Bank,IMB Bank Business Platinum Low Fee,Corporate,Platinum,Low Fee,$98,14.81%,3%,—,Standard,40k Pts,N/A,2.09 pts/$,✔,✘,Concierge Service,https://logo.placeholder.com/imb bank.png,Up to 55 days,$5826,Capped at $5k/mo,"Apple, Google, Samsung Pay","$15-30 Late, $0 Overlimit",https://www.imbbank.com.au/business/pds
DiviPay,DiviPay Business Platinum Charge,Corporate,Platinum,Charge,$64,18.29%,3%,—,Standard,40k Pts,N/A,1.72 pts/$,✔,✘,Concierge Service,https://logo.placeholder.com/divipay.png,Up to 44 days,$1849,Capped at $5k/mo,"Apple, Google, Samsung Pay","$15-30 Late, $0 Overlimit",https://www.divipay.com.au/business/pds
Qantas Money,Qantas Money Platinum Expense Management,Personal,Platinum,Expense Management,$138,14.04%,3%,—,Standard,40k Pts,N/A,1.30 pts/$,✔,✘,Concierge Service,https://logo.placeholder.com/qantas money.png,Up to 55 days,$2778,Capped at $5k/mo,"Apple, Google, Samsung Pay","$15-30 Late, $0 Overlimit",https://www.qantasmoney.com.au/personal/pds
IMB Bank,IMB Bank Platinum Low Fee,Personal,Platinum,Low Fee,$139,19.16%,3%,—,Standard,40k Pts,N/A,1.04 pts/$,✔,✘,Concierge Service,https://logo.placeholder.com/imb bank.png,Up to 55 days,$5849,Capped at $5k/mo,"Apple, Google, Samsung Pay","$15-30 Late, $0 Overlimit",https://www.imbbank.com.au/personal/pds
Judo Bank,Judo Bank Platinum Charge,Sole Trader,Platinum,Charge,$123,14.84%,3%,—,Standard,40k Pts,N/A,0.60 pts/$,✔,✘,Accounting Integration,https://logo.placeholder.com/judo bank.png,Up to 44 days,$3664,Capped at $5k/mo,"Apple, Google, Samsung Pay","$15-30 Late, $0 Overlimit",https://www.judobank.com.au/personal/pds
Bendigo Bank,Bendigo Bank Business Entry No Interest,Business,Entry,No Interest,$131,0%,3%,—,Standard,20k Pts,N/A,0.66 pts/$,✘,✘,Accounting Integration,https://logo.placeholder.com/bendigo bank.png,Up to 55 days,$4151,Capped at $5k/mo,"Apple, Google, Samsung Pay","$15-30 Late, $0 Overlimit",https://www.bendigobank.com.au/business/pds
Bankwest,Bankwest Business Platinum No Interest,Business,Platinum,No Interest,$147,0%,3%,—,Standard,20k Pts,N/A,1.02 pts/$,✔,✘,Accounting Integration,https://logo.placeholder.com/bankwest.png,Up to 55 days,$2911,Capped at $5k/mo,"Apple, Google, Samsung Pay","$15-30 Late, $0 Overlimit",https://www.bankwest.com.au/business/pds
Woolworths,Woolworths Business Platinum No Interest,Business,Platinum,No Interest,$127,0%,3%,—,Standard,20k Pts,N/A,1.85 pts/$,✔,✘,Accounting Integration,https://logo.placeholder.com/woolworths.png,Up to 55 days,$5438,Capped at $5k/mo,"Apple, Google, Samsung Pay","$15-30 Late, $0 Overlimit",https://www.woolworths.com.au/business/pds
St George,St George Business Platinum Expense Management,Business,Platinum,Expense Management,$86,14.32%,3%,—,Standard,20k Pts,N/A,1.71 pts/$,✔,✘,Accounting Integration,https://logo.placeholder.com/st george.png,Up to 55 days,$2490,Capped at $5k/mo,"Apple, Google, Samsung Pay","$15-30 Late, $0 Overlimit",https://www.stgeorge.com.au/business/pds
Virgin Money,Virgin Money Business Platinum No Interest,Corporate,Platinum,No Interest,$142,0%,3%,—,Standard,20k Pts,N/A,1.23 pts/$,✔,✘,Concierge Service,https://logo.placeholder.com/virgin money.png,Up to 55 days,$5822,Capped at $5k/mo,"Apple, Google, Samsung Pay","$15-30 Late, $0 Overlimit",https://www.virginmoney.com.au/business/pds
Amex,Amex Business Platinum No Interest,Corporate,Platinum,No Interest,$61,0%,3%,—,Standard,20k Pts,N/A,0.57 pts/$,✔,✘,Concierge Service,https://logo.placeholder.com/amex.png,Up to 55 days,$1725,Capped at $5k/mo,"Apple, Google, Samsung Pay","$15-30 Late, $0 Overlimit",https://www.amex.com.au/business/pds
Citibank,Citibank Business Platinum No Interest,Corporate,Platinum,No Interest,$91,0%,3%,—,Standard,20k Pts,N/A,1.48 pts/$,✔,✘,Concierge Service,https://logo.placeholder.com/citibank.png,Up to 55 days,$4200,Capped at $5k/mo,"Apple, Google, Samsung Pay","$15-30 Late, $0 Overlimit",https://www.citibank.com.au/business/pds
Teachers Mutual,Teachers Mutual Business Platinum Low Fee,Corporate,Platinum,Low Fee,$119,15.81%,3%,—,Standard,20k Pts,N/A,1.01 pts/$,✔,✘,Concierge Service,https://logo.placeholder.com/teachers mutual.png,Up to 55 days,$3333,Capped at $5k/mo,"Apple, Google, Samsung Pay","$15-30 Late, $0 Overlimit",https://www.teachersmutual.com.au/business/pds
ING,ING Business Platinum Charge,Corporate,Platinum,Charge,$70,18.45%,3%,—,Standard,20k Pts,N/A,0.59 pts/$,✔,✘,Concierge Service,https://logo.placeholder.com/ing.png,Up to 44 days,$2186,Capped at $5k/mo,"Apple, Google, Samsung Pay","$15-30 Late, $0 Overlimit",https://www.ing.com.au/business/pds
Coles,Coles Platinum Low Fee,Personal,Platinum,Low Fee,$134,15.09%,3%,—,Standard,20k Pts,N/A,0.98 pts/$,✔,✘,Concierge Service,https://logo.placeholder.com/coles.png,Up to 55 days,$3841,Capped at $5k/mo,"Apple, Google, Samsung Pay","$15-30 Late, $0 Overlimit",https://www.coles.com.au/personal/pds
ING,ING Platinum Expense Management,Personal,Platinum,Expense Management,$128,16.58%,3%,—,Standard,20k Pts,N/A,2.17 pts/$,✔,✘,Concierge Service,https://logo.placeholder.com/ing.png,Up to 55 days,$1214,Capped at $5k/mo,"Apple, Google, Samsung Pay","$15-30 Late, $0 Overlimit",https://www.ing.com.au/personal/pds
Volopay,Volopay Platinum Low Fee,Sole Trader,Platinum,Low Fee,$67,15.38%,3%,—,Standard,20k Pts,N/A,0.91 pts/$,✔,✘,Accounting Integration,https://logo.placeholder.com/volopay.png,Up to 55 days,$1632,Capped at $5k/mo,"Apple, Google, Samsung Pay","$15-30 Late, $0 Overlimit",https://www.volopay.com.au/personal/pds
Bank of Melbourne,Bank of Melbourne Platinum No Interest,Sole Trader,Platinum,No Interest,$142,0%,3%,—,Standard,20k Pts,N/A,1.97 pts/$,✔,✘,Accounting Integration,https://logo.placeholder.com/bank of melbourne.png,Up to 55 days,$1038,Capped at $5k/mo,"Apple, Google, Samsung Pay","$15-30 Late, $0 Overlimit",https://www.bankofmelbourne.com.au/personal/pds
Police Bank,Police Bank Platinum No Interest,Sole Trader,Platinum,No Interest,$119,0%,3%,—,Standard,20k Pts,N/A,0.95 pts/$,✔,✘,Accounting Integration,https://logo.placeholder.com/police bank.png,Up to 55 days,$5209,Capped at $5k/mo,"Apple, Google, Samsung Pay","$15-30 Late, $0 Overlimit",https://www.policebank.com.au/personal/pds
Westpac,Westpac Platinum No Interest,Sole Trader,Platinum,No Interest,$109,0%,3%,—,Standard,20k Pts,N/A,1.61 pts/$,✔,✘,Accounting Integration,https://logo.placeholder.com/westpac.png,Up to 55 days,$2817,Capped at $5k/mo,"Apple, Google, Samsung Pay","$15-30 Late, $0 Overlimit",https://www.westpac.com.au/personal/pds
Teachers Mutual,Teachers Mutual Business Black Charge,Business,Black,Charge,$525,20.29%,0%,—,Standard,150k Pts,N/A,0.73 pts/$,✔,✔,Accounting Integration,https://logo.placeholder.com/teachers mutual.png,Up to 44 days,$3121,Capped at $5k/mo,"Apple, Google, Samsung Pay","$15-30 Late, $0 Overlimit",https://www.teachersmutual.com.au/business/pds
Bank of Melbourne,Bank of Melbourne Business Black Charge,Corporate,Black,Charge,$547,20.25%,0%,—,Standard,150k Pts,N/A,1.75 pts/$,✔,✔,Concierge Service,https://logo.placeholder.com/bank of melbourne.png,Up to 44 days,$2783,Capped at $5k/mo,"Apple, Google, Samsung Pay","$15-30 Late, $0 Overlimit",https://www.bankofmelbourne.com.au/business/pds
Police Bank,Police Bank Black Expense Management,Personal,Black,Expense Management,$498,22.61%,0%,—,Standard,150k Pts,N/A,1.80 pts/$,✔,✔,Concierge Service,https://logo.placeholder.com/police bank.png,Up to 55 days,$3904,Capped at $5k/mo,"Apple, Google, Samsung Pay","$15-30 Late, $0 Overlimit",https://www.policebank.com.au/personal/pds
Westpac,Westpac Black Charge,Personal,Black,Charge,$480,21.47%,0%,—,Standard,150k Pts,N/A,1.55 pts/$,✔,✔,Concierge Service,https://logo.placeholder.com/westpac.png,Up to 44 days,$3984,Capped at $5k/mo,"Apple, Google, Samsung Pay","$15-30 Late, $0 Overlimit",https://www.westpac.com.au/personal/pds
Judo Bank,Judo Bank Black Expense Management,Sole Trader,Black,Expense Management,$688,20.86%,0%,—,Standard,150k Pts,N/A,1.78 pts/$,✔,✔,Accounting Integration,https://logo.placeholder.com/judo bank.png,Up to 55 days,$5496,Capped at $5k/mo,"Apple, Google, Samsung Pay","$15-30 Late, $0 Overlimit",https://www.judobank.com.au/personal/pds
Coles,Coles Black No Interest,Sole Trader,Black,No Interest,$326,0%,0%,—,Standard,150k Pts,N/A,2.04 pts/$,✔,✔,Accounting Integration,https://logo.placeholder.com/coles.png,Up to 55 days,$5566,Capped at $5k/mo,"Apple, Google, Samsung Pay","$15-30 Late, $0 Overlimit",https://www.coles.com.au/personal/pds
Bank of Melbourne,Bank of Melbourne Black No Interest,Sole Trader,Black,No Interest,$317,0%,0%,—,Standard,150k Pts,N/A,1.70 pts/$,✔,✔,Accounting Integration,https://logo.placeholder.com/bank of melbourne.png,Up to 55 days,$3756,Capped at $5k/mo,"Apple, Google, Samsung Pay","$15-30 Late, $0 Overlimit",https://www.bankofmelbourne.com.au/personal/pds
Woolworths,Woolworths Black No Interest,Sole Trader,Black,No Interest,$301,0%,0%,—,Standard,150k Pts,N/A,1.03 pts/$,✔,✔,Accounting Integration,https://logo.placeholder.com/woolworths.png,Up to 55 days,$1439,Capped at $5k/mo,"Apple, Google, Samsung Pay","$15-30 Late, $0 Overlimit",https://www.woolworths.com.au/personal/pds
Amex,Amex Black Charge,Sole Trader,Black,Charge,$419,23.81%,0%,—,Standard,150k Pts,N/A,1.81 pts/$,✔,✔,Accounting Integration,https://logo.placeholder.com/amex.png,Up to 44 days,$1105,Capped at $5k/mo,"Apple, Google, Samsung Pay","$15-30 Late, $0 Overlimit",https://www.amex.com.au/personal/pds
HSBC,HSBC Business Elite Expense Management,Business,Elite,Expense Management,$338,23.58%,0%,—,Standard,150k Pts,N/A,0.84 pts/$,✔,✔,Accounting Integration,https://logo.placeholder.com/hsbc.png,Up to 55 days,$2236,Uncapped,"Apple, Google, Samsung Pay","$15-30 Late, $0 Overlimit",https://www.hsbc.com.au/business/pds
CBA,CBA Business Elite Low Fee,Business,Elite,Low Fee,$297,22.94%,0%,—,Standard,150k Pts,N/A,2.00 pts/$,✔,✔,Accounting Integration,https://logo.placeholder.com/cba.png,Up to 55 days,$5580,Uncapped,"Apple, Google, Samsung Pay","$15-30 Late, $0 Overlimit",https://www.cba.com.au/business/pds
Great Southern Bank,Great Southern Bank Business Elite Expense Management,Business,Elite,Expense Management,$543,23.66%,0%,—,Standard,150k Pts,N/A,1.07 pts/$,✔,✔,Accounting Integration,https://logo.placeholder.com/great southern bank.png,Up to 55 days,$1879,Uncapped,"Apple, Google, Samsung Pay","$15-30 Late, $0 Overlimit",https://www.greatsouthernbank.com.au/business/pds
Citibank,Citibank Business Elite Expense Management,Corporate,Elite,Expense Management,$546,21.20%,0%,—,Standard,150k Pts,N/A,0.68 pts/$,✔,✔,Concierge Service,https://logo.placeholder.com/citibank.png,Up to 55 days,$1327,Uncapped,"Apple, Google, Samsung Pay","$15-30 Late, $0 Overlimit",https://www.citibank.com.au/business/pds
Virgin Money,Virgin Money Business Elite Expense Management,Corporate,Elite,Expense Management,$450,22.65%,0%,—,Standard,150k Pts,N/A,1.64 pts/$,✔,✔,Concierge Service,https://logo.placeholder.com/virgin money.png,Up to 55 days,$4663,Uncapped,"Apple, Google, Samsung Pay","$15-30 Late, $0 Overlimit",https://www.virginmoney.com.au/business/pds
Police Bank,Police Bank Elite Low Fee,Personal,Elite,Low Fee,$597,21.64%,0%,—,Standard,150k Pts,N/A,0.68 pts/$,✔,✔,Concierge Service,https://logo.placeholder.com/police bank.png,Up to 55 days,$4189,Uncapped,"Apple, Google, Samsung Pay","$15-30 Late, $0 Overlimit",https://www.policebank.com.au/personal/pds
Great Southern Bank,Great Southern Bank Elite Low Fee,Sole Trader,Elite,Low Fee,$320,23.59%,0%,—,Standard,150k Pts,N/A,0.71 pts/$,✔,✔,Accounting Integration,https://logo.placeholder.com/great southern bank.png,Up to 55 days,$2905,Uncapped,"Apple, Google, Samsung Pay","$15-30 Late, $0 Overlimit",https://www.greatsouthernbank.com.au/personal/pds
Kogan,Kogan Elite Low Fee,Sole Trader,Elite,Low Fee,$351,21.09%,0%,—,Standard,150k Pts,N/A,0.88 pts/$,✔,✔,Accounting Integration,https://logo.placeholder.com/kogan.png,Up to 55 days,$2363,Uncapped,"Apple, Google, Samsung Pay","$15-30 Late, $0 Overlimit",https://www.kogan.com.au/personal/pds
Bankwest,Bankwest Elite Charge,Sole Trader,Elite,Charge,$654,21.17%,0%,—,Standard,150k Pts,N/A,2.01 pts/$,✔,✔,Accounting Integration,https://logo.placeholder.com/bankwest.png,Up to 44 days,$5991,Uncapped,"Apple, Google, Samsung Pay","$15-30 Late, $0 Overlimit",https://www.bankwest.com.au/personal/pds
ANZ,ANZ Business Signature Low Fee,Business,Signature,Low Fee,$607,22.78%,3%,—,Standard,150k Pts,N/A,1.45 pts/$,✔,✔,Accounting Integration,https://logo.placeholder.com/anz.png,Up to 55 days,$2027,Capped at $5k/mo,"Apple, Google, Samsung Pay","$15-30 Late, $0 Overlimit",https://www.anz.com.au/business/pds
Kogan,Kogan Business Signature Low Fee,Business,Signature,Low Fee,$457,20.38%,3%,—,Standard,150k Pts,N/A,1.06 pts/$,✔,✔,Accounting Integration,https://logo.placeholder.com/kogan.png,Up to 55 days,$1646,Capped at $5k/mo,"Apple, Google, Samsung Pay","$15-30 Late, $0 Overlimit",https://www.kogan.com.au/business/pds
MyState Bank,MyState Bank Business Signature Charge,Corporate,Signature,Charge,$444,22.54%,3%,—,Standard,150k Pts,N/A,0.89 pts/$,✔,✔,Concierge Service,https://logo.placeholder.com/mystate bank.png,Up to 44 days,$3889,Capped at $5k/mo,"Apple, Google, Samsung Pay","$15-30 Late, $0 Overlimit",https://www.mystatebank.com.au/business/pds
Teachers Mutual,Teachers Mutual Signature No Interest,Personal,Signature,No Interest,$506,0%,3%,—,Standard,150k Pts,N/A,1.33 pts/$,✔,✔,Concierge Service,https://logo.placeholder.com/teachers mutual.png,Up to 55 days,$2965,Capped at $5k/mo,"Apple, Google, Samsung Pay","$15-30 Late, $0 Overlimit",https://www.teachersmutual.com.au/personal/pds
Suncorp,Suncorp Signature Low Fee,Sole Trader,Signature,Low Fee,$631,22.61%,3%,—,Standard,150k Pts,N/A,0.80 pts/$,✔,✔,Accounting Integration,https://logo.placeholder.com/suncorp.png,Up to 55 days,$2366,Capped at $5k/mo,"Apple, Google, Samsung Pay","$15-30 Late, $0 Overlimit",https://www.suncorp.com.au/personal/pds
HSBC,HSBC Signature Low Fee,Sole Trader,Signature,Low Fee,$306,20.61%,3%,—,Standard,150k Pts,N/A,0.85 pts/$,✔,✔,Accounting Integration,https://logo.placeholder.com/hsbc.png,Up to 55 days,$4938,Capped at $5k/mo,"Apple, Google, Samsung Pay","$15-30 Late, $0 Overlimit",https://www.hsbc.com.au/personal/pds
Volopay,Volopay Business Black No Interest,Business,Black,No Interest,$366,0%,0%,—,Standard,120k Pts,N/A,0.51 pts/$,✔,✔,Accounting Integration,https://logo.placeholder.com/volopay.png,Up to 55 days,$1572,Capped at $5k/mo,"Apple, Google, Samsung Pay","$15-30 Late, $0 Overlimit",https://www.volopay.com.au/business/pds
Amex,Amex Business Black Expense Management,Corporate,Black,Expense Management,$369,23.15%,0%,—,Standard,120k Pts,N/A,2.12 pts/$,✔,✔,Concierge Service,https://logo.placeholder.com/amex.png,Up to 55 days,$1264,Capped at $5k/mo,"Apple, Google, Samsung Pay","$15-30 Late, $0 Overlimit",https://www.amex.com.au/business/pds
Amex,Amex Black No Interest,Personal,Black,No Interest,$279,0%,0%,—,Standard,120k Pts,N/A,0.59 pts/$,✔,✔,Concierge Service,https://logo.placeholder.com/amex.png,Up to 55 days,$2369,Capped at $5k/mo,"Apple, Google, Samsung Pay","$15-30 Late, $0 Overlimit",https://www.amex.com.au/personal/pds
Macquarie,Macquarie Black No Interest,Sole Trader,Black,No Interest,$388,0%,0%,—,Standard,120k Pts,N/A,1.05 pts/$,✔,✔,Accounting Integration,https://logo.placeholder.com/macquarie.png,Up to 55 days,$1476,Capped at $5k/mo,"Apple, Google, Samsung Pay","$15-30 Late, $0 Overlimit",https://www.macquarie.com.au/personal/pds
Suncorp,Suncorp Black Charge,Sole Trader,Black,Charge,$599,21.53%,0%,—,Standard,120k Pts,N/A,1.21 pts/$,✔,✔,Accounting Integration,https://logo.placeholder.com/suncorp.png,Up to 44 days,$2965,Capped at $5k/mo,"Apple, Google, Samsung Pay","$15-30 Late, $0 Overlimit",https://www.suncorp.com.au/personal/pds
CBA,CBA Business Elite Low Fee,Corporate,Elite,Low Fee,$382,21.82%,0%,—,Standard,120k Pts,N/A,1.43 pts/$,✔,✔,Concierge Service,https://logo.placeholder.com/cba.png,Up to 55 days,$3493,Uncapped,"Apple, Google, Samsung Pay","$15-30 Late, $0 Overlimit",https://www.cba.com.au/business/pds
ANZ,ANZ Business Elite Low Fee,Corporate,Elite,Low Fee,$606,21.69%,0%,—,Standard,120k Pts,N/A,1.75 pts/$,✔,✔,Concierge Service,https://logo.placeholder.com/anz.png,Up to 55 days,$4334,Uncapped,"Apple, Google, Samsung Pay","$15-30 Late, $0 Overlimit",https://www.anz.com.au/business/pds
Bendigo Bank,Bendigo Bank Elite No Interest,Personal,Elite,No Interest,$520,0%,0%,—,Standard,120k Pts,N/A,1.47 pts/$,✔,✔,Concierge Service,https://logo.placeholder.com/bendigo bank.png,Up to 55 days,$2927,Uncapped,"Apple, Google, Samsung Pay","$15-30 Late, $0 Overlimit",https://www.bendigobank.com.au/personal/pds
ANZ,ANZ Elite Expense Management,Personal,Elite,Expense Management,$370,23.76%,0%,—,Standard,120k Pts,N/A,1.65 pts/$,✔,✔,Concierge Service,https://logo.placeholder.com/anz.png,Up to 55 days,$2881,Uncapped,"Apple, Google, Samsung Pay","$15-30 Late, $0 Overlimit",https://www.anz.com.au/personal/pds
Teachers Mutual,Teachers Mutual Elite Low Fee,Sole Trader,Elite,Low Fee,$436,22.84%,0%,—,Standard,120k Pts,N/A,2.12 pts/$,✔,✔,Accounting Integration,https://logo.placeholder.com/teachers mutual.png,Up to 55 days,$5972,Uncapped,"Apple, Google, Samsung Pay","$15-30 Late, $0 Overlimit",https://www.teachersmutual.com.au/personal/pds
Bankwest,Bankwest Business Signature Low Fee,Business,Signature,Low Fee,$353,21.72%,3%,—,Standard,120k Pts,N/A,0.70 pts/$,✔,✔,Accounting Integration,https://logo.placeholder.com/bankwest.png,Up to 55 days,$3360,Capped at $5k/mo,"Apple, Google, Samsung Pay","$15-30 Late, $0 Overlimit",https://www.bankwest.com.au/business/pds
Airwallex,Airwallex Business Signature Expense Management,Business,Signature,Expense Management,$459,20.40%,3%,—,Standard,120k Pts,N/A,0.84 pts/$,✔,✔,Accounting Integration,https://logo.placeholder.com/airwallex.png,Up to 55 days,$4136,Capped at $5k/mo,"Apple, Google, Samsung Pay","$15-30 Late, $0 Overlimit",https://www.airwallex.com.au/business/pds
Westpac,Westpac Business Signature Expense Management,Corporate,Signature,Expense Management,$688,22.97%,3%,—,Standard,120k Pts,N/A,2.03 pts/$,✔,✔,Concierge Service,https://logo.placeholder.com/westpac.png,Up to 55 days,$1797,Capped at $5k/mo,"Apple, Google, Samsung Pay","$15-30 Late, $0 Overlimit",https://www.westpac.com.au/business/pds
G&C Mutual,G&C Mutual Signature Charge,Personal,Signature,Charge,$407,22.32%,3%,—,Standard,120k Pts,N/A,0.58 pts/$,✔,✔,Concierge Service,https://logo.placeholder.com/g&c mutual.png,Up to 44 days,$1356,Capped at $5k/mo,"Apple, Google, Samsung Pay","$15-30 Late, $0 Overlimit",https://www.g&cmutual.com.au/personal/pds
Bendigo Bank,Bendigo Bank Signature No Interest,Personal,Signature,No Interest,$354,0%,3%,—,Standard,120k Pts,N/A,1.74 pts/$,✔,✔,Concierge Service,https://logo.placeholder.com/bendigo bank.png,Up to 55 days,$4460,Capped at $5k/mo,"Apple, Google, Samsung Pay","$15-30 Late, $0 Overlimit",https://www.bendigobank.com.au/personal/pds
Bank of Queensland,Bank of Queensland Signature Expense Management,Sole Trader,Signature,Expense Management,$572,20.99%,3%,—,Standard,120k Pts,N/A,1.25 pts/$,✔,✔,Accounting Integration,https://logo.placeholder.com/bank of queensland.png,Up to 55 days,$4132,Capped at $5k/mo,"Apple, Google, Samsung Pay","$15-30 Late, $0 Overlimit",https://www.bankofqueensland.com.au/personal/pds
MyState Bank,MyState Bank Signature No Interest,Sole Trader,Signature,No Interest,$504,0%,3%,—,Standard,120k Pts,N/A,0.87 pts/$,✔,✔,Accounting Integration,https://logo.placeholder.com/mystate bank.png,Up to 55 days,$3861,Capped at $5k/mo,"Apple, Google, Samsung Pay","$15-30 Late, $0 Overlimit",https://www.mystatebank.com.au/personal/pds
Bankwest,Bankwest Signature Charge,Sole Trader,Signature,Charge,$652,21.67%,3%,—,Standard,120k Pts,N/A,1.01 pts/$,✔,✔,Accounting Integration,https://logo.placeholder.com/bankwest.png,Up to 44 days,$4041,Capped at $5k/mo,"Apple, Google, Samsung Pay","$15-30 Late, $0 Overlimit",https://www.bankwest.com.au/personal/pds
Kogan,Kogan Business Black Low Fee,Business,Black,Low Fee,$275,21.56%,0%,—,Standard,100k Pts,N/A,1.38 pts/$,✔,✔,Accounting Integration,https://logo.placeholder.com/kogan.png,Up to 55 days,$2829,Capped at $5k/mo,"Apple, Google, Samsung Pay","$15-30 Late, $0 Overlimit",https://www.kogan.com.au/business/pds
Macquarie,Macquarie Business Black No Interest,Corporate,Black,No Interest,$674,0%,0%,—,Standard,100k Pts,N/A,1.81 pts/$,✔,✔,Concierge Service,https://logo.placeholder.com/macquarie.png,Up to 55 days,$3949,Capped at $5k/mo,"Apple, Google, Samsung Pay","$15-30 Late, $0 Overlimit",https://www.macquarie.com.au/business/pds
Airwallex,Airwallex Business Elite Expense Management,Business,Elite,Expense Management,$286,20.68%,0%,—,Standard,100k Pts,N/A,1.50 pts/$,✔,✔,Accounting Integration,https://logo.placeholder.com/airwallex.png,Up to 55 days,$3449,Uncapped,"Apple, Google, Samsung Pay","$15-30 Late, $0 Overlimit",https://www.airwallex.com.au/business/pds
BankSA,BankSA Business Elite No Interest,Corporate,Elite,No Interest,$506,0%,0%,—,Standard,100k Pts,N/A,1.37 pts/$,✔,✔,Concierge Service,https://logo.placeholder.com/banksa.png,Up to 55 days,$3722,Uncapped,"Apple, Google, Samsung Pay","$15-30 Late, $0 Overlimit",https://www.banksa.com.au/business/pds
DiviPay,DiviPay Elite Charge,Personal,Elite,Charge,$392,23.51%,0%,—,Standard,100k Pts,N/A,1.66 pts/$,✔,✔,Concierge Service,https://logo.placeholder.com/divipay.png,Up to 44 days,$5488,Uncapped,"Apple, Google, Samsung Pay","$15-30 Late, $0 Overlimit",https://www.divipay.com.au/personal/pds
CBA,CBA Elite Low Fee,Sole Trader,Elite,Low Fee,$659,21.75%,0%,—,Standard,100k Pts,N/A,2.16 pts/$,✔,✔,Accounting Integration,https://logo.placeholder.com/cba.png,Up to 55 days,$2251,Uncapped,"Apple, Google, Samsung Pay","$15-30 Late, $0 Overlimit",https://www.cba.com.au/personal/pds
MyState Bank,MyState Bank Business Signature Expense Management,Business,Signature,Expense Management,$610,23.92%,3%,—,Standard,100k Pts,N/A,0.51 pts/$,✔,✔,Accounting Integration,https://logo.placeholder.com/mystate bank.png,Up to 55 days,$5570,Capped at $5k/mo,"Apple, Google, Samsung Pay","$15-30 Late, $0 Overlimit",https://www.mystatebank.com.au/business/pds
Teachers Mutual,Teachers Mutual Business Signature No Interest,Business,Signature,No Interest,$657,0%,3%,—,Standard,100k Pts,N/A,1.05 pts/$,✔,✔,Accounting Integration,https://logo.placeholder.com/teachers mutual.png,Up to 55 days,$4903,Capped at $5k/mo,"Apple, Google, Samsung Pay","$15-30 Late, $0 Overlimit",https://www.teachersmutual.com.au/business/pds
Bendigo Bank,Bendigo Bank Business Signature Expense Management,Corporate,Signature,Expense Management,$372,23.52%,3%,—,Standard,100k Pts,N/A,1.54 pts/$,✔,✔,Concierge Service,https://logo.placeholder.com/bendigo bank.png,Up to 55 days,$1931,Capped at $5k/mo,"Apple, Google, Samsung Pay","$15-30 Late, $0 Overlimit",https://www.bendigobank.com.au/business/pds
Woolworths,Woolworths Signature Charge,Sole Trader,Signature,Charge,$254,21.91%,3%,—,Standard,100k Pts,N/A,1.09 pts/$,✔,✔,Accounting Integration,https://logo.placeholder.com/woolworths.png,Up to 44 days,$3090,Capped at $5k/mo,"Apple, Google, Samsung Pay","$15-30 Late, $0 Overlimit",https://www.woolworths.com.au/personal/pds
MyState Bank,MyState Bank Business Elite Rewards,Business,Elite,Rewards,$547,22.38%,0%,—,Standard,100k Pts,MyState Bank Rewards,0.52 pts/$,✔,✔,Accounting Integration,https://logo.placeholder.com/mystate bank.png,Up to 55 days,$2597,Uncapped,"Apple, Google, Samsung Pay","$15-30 Late, $0 Overlimit",https://www.mystatebank.com.au/business/pds
Macquarie,Macquarie Business Elite Rewards,Business,Elite,Rewards,$305,22.83%,0%,—,Standard,120k Pts,Macquarie Rewards,0.58 pts/$,✔,✔,Accounting Integration,https://logo.placeholder.com/macquarie.png,Up to 55 days,$2772,Uncapped,"Apple, Google, Samsung Pay","$15-30 Late, $0 Overlimit",https://www.macquarie.com.au/business/pds
Judo Bank,Judo Bank Business Black Rewards,Business,Black,Rewards,$520,22.82%,0%,—,Standard,80k Pts,Judo Bank Rewards,1.58 pts/$,✔,✔,Accounting Integration,https://logo.placeholder.com/judo bank.png,Up to 55 days,$5557,Capped at $5k/mo,"Apple, Google, Samsung Pay","$15-30 Late, $0 Overlimit",https://www.judobank.com.au/business/pds
HSBC,HSBC Platinum Rewards,Personal,Platinum,Rewards,$114,14.21%,3%,—,Standard,20k Pts,HSBC Rewards,1.34 pts/$,✔,✘,Concierge Service,https://logo.placeholder.com/hsbc.png,Up to 55 days,$2260,Capped at $5k/mo,"Apple, Google, Samsung Pay","$15-30 Late, $0 Overlimit",https://www.hsbc.com.au/personal/pds
Great Southern Bank,Great Southern Bank Business Signature Rewards,Business,Signature,Rewards,$537,20.34%,3%,—,Standard,100k Pts,Great Southern Bank Rewards,1.78 pts/$,✔,✔,Accounting Integration,https://logo.placeholder.com/great southern bank.png,Up to 55 days,$1157,Capped at $5k/mo,"Apple, Google, Samsung Pay","$15-30 Late, $0 Overlimit",https://www.greatsouthernbank.com.au/business/pds
DiviPay,DiviPay Signature Rewards,Personal,Signature,Rewards,$361,22.31%,3%,—,Standard,80k Pts,DiviPay Rewards,2.05 pts/$,✔,✔,Concierge Service,https://logo.placeholder.com/divipay.png,Up to 55 days,$5474,Capped at $5k/mo,"Apple, Google, Samsung Pay","$15-30 Late, $0 Overlimit",https://www.divipay.com.au/personal/pds
Citibank,Citibank Business Platinum Rewards,Business,Platinum,Rewards,$106,18.74%,3%,—,Standard,20k Pts,Citibank Rewards,1.94 pts/$,✔,✘,Accounting Integration,https://logo.placeholder.com/citibank.png,Up to 55 days,$2383,Capped at $5k/mo,"Apple, Google, Samsung Pay","$15-30 Late, $0 Overlimit",https://www.citibank.com.au/business/pds
Citibank,Citibank Business Platinum Rewards,Corporate,Platinum,Rewards,$131,18.42%,3%,—,Standard,20k Pts,Citibank Rewards,1.53 pts/$,✔,✘,Concierge Service,https://logo.placeholder.com/citibank.png,Up to 55 days,$3096,Capped at $5k/mo,"Apple, Google, Samsung Pay","$15-30 Late, $0 Overlimit",https://www.citibank.com.au/business/pds
Citibank,Citibank Business Elite Rewards,Corporate,Elite,Rewards,$533,21.93%,0%,—,Standard,120k Pts,Citibank Rewards,1.93 pts/$,✔,✔,Concierge Service,https://logo.placeholder.com/citibank.png,Up to 55 days,$2864,Uncapped,"Apple, Google, Samsung Pay","$15-30 Late, $0 Overlimit",https://www.citibank.com.au/business/pds
Bank of Queensland,Bank of Queensland Business Platinum Rewards,Corporate,Platinum,Rewards,$139,16.30%,3%,—,Standard,60k Pts,Bank of Queensland Rewards,1.18 pts/$,✔,✘,Concierge Service,https://logo.placeholder.com/bank of queensland.png,Up to 55 days,$1810,Capped at $5k/mo,"Apple, Google, Samsung Pay","$15-30 Late, $0 Overlimit",https://www.bankofqueensland.com.au/business/pds
Bank of Queensland,Bank of Queensland Business Elite Rewards,Corporate,Elite,Rewards,$571,21.31%,0%,—,Standard,100k Pts,Bank of Queensland Rewards,1.50 pts/$,✔,✔,Concierge Service,https://logo.placeholder.com/bank of queensland.png,Up to 55 days,$4343,Uncapped,"Apple, Google, Samsung Pay","$15-30 Late, $0 Overlimit",https://www.bankofqueensland.com.au/business/pds
Bank of Melbourne,Bank of Melbourne Business Signature Rewards,Corporate,Signature,Rewards,$307,20.04%,3%,—,Standard,80k Pts,Bank of Melbourne Rewards,1.58 pts/$,✔,✔,Concierge Service,https://logo.placeholder.com/bank of melbourne.png,Up to 55 days,$5013,Capped at $5k/mo,"Apple, Google, Samsung Pay","$15-30 Late, $0 Overlimit",https://www.bankofmelbourne.com.au/business/pds
Bank of Melbourne,Bank of Melbourne Business Platinum Rewards,Business,Platinum,Rewards,$119,19.87%,3%,—,Standard,40k Pts,Bank of Melbourne Rewards,0.52 pts/$,✔,✘,Accounting Integration,https://logo.placeholder.com/bank of melbourne.png,Up to 55 days,$5659,Capped at $5k/mo,"Apple, Google, Samsung Pay","$15-30 Late, $0 Overlimit",https://www.bankofmelbourne.com.au/business/pds
Airwallex,Airwallex Business Black Rewards,Corporate,Black,Rewards,$598,21.42%,0%,—,Standard,80k Pts,Airwallex Rewards,1.73 pts/$,✔,✔,Concierge Service,https://logo.placeholder.com/airwallex.png,Up to 55 days,$5950,Capped at $5k/mo,"Apple, Google, Samsung Pay","$15-30 Late, $0 Overlimit",https://www.airwallex.com.au/business/pds
Airwallex,Airwallex Business Signature Rewards,Corporate,Signature,Rewards,$327,23.57%,3%,—,Standard,150k Pts,Airwallex Rewards,0.98 pts/$,✔,✔,Concierge Service,https://logo.placeholder.com/airwallex.png,Up to 55 days,$2099,Capped at $5k/mo,"Apple, Google, Samsung Pay","$15-30 Late, $0 Overlimit",https://www.airwallex.com.au/business/pds
